statement ok
SET RW_IMPLICIT_FLUSH TO true;

query T rowsort
values ('{"a":[2, true, "", {}]}'::jsonb), ('1'), ('true'), ('null'), (null), ('[1, true]');
----
1
NULL
[1, true]
null
true
{"a": [2, true, "", {}]}

statement ok
create table t (v1 jsonb);

statement ok
insert into t values ('1'), ('true'), ('null'), (null);

query T rowsort
select * from t;
----
1
NULL
null
true

query T
select * from t order by v1::varchar;
----
1
null
true
NULL

query T
select 'true'::jsonb::bool;
----
t

query I
select '1'::jsonb::smallint;
----
1

query I
select '1'::jsonb::int;
----
1

query I
select '1'::jsonb::bigint;
----
1

query R
select '2.5'::jsonb::decimal;
----
2.5

query R
select '2.5'::jsonb::real;
----
2.5

query R
select '2.5'::jsonb::double precision;
----
2.5

# We represent numbers in jsonb as float8, while PostgreSQL uses decimal.
# PG rounds differently for `decimal -> int` and `float8 -> int`
# So this is different from PostgreSQL.
query II
select '2.5'::jsonb::smallint, '3.5'::jsonb::smallint;
----
2 4

statement error cannot cast jsonb null to type boolean
select 'null'::jsonb::bool;

query T
select null::jsonb::bool;
----
NULL

# Example of accessing the boolean nested inside object and array
query T
select ('{"k2":[2,true,4]}'::jsonb -> 'k2' -> -2)::bool;
----
t

# But for text, avoid cast and use `->>` as the last access operator.
# Note the difference between access text directly vs access jsonb then cast to text.
query TTT
with t(v1) as (values (null::jsonb), ('null'), ('true'), ('1'), ('"a"'), ('[]'), ('{}')),
     j(v1) as (select ('{"k":' || v1::varchar || '}')::jsonb from t)
select
    v1 ->> 'k',
    (v1 -> 'k')::varchar,
    jsonb_typeof(v1 -> 'k')
from j order by 2;
----
a "a" string
1 1 number
[] [] array
NULL null null
true true boolean
{} {} object
NULL NULL NULL

query T
select 'true'::jsonb ->> 2;
----
NULL

query I
select jsonb_array_length('[7, 2]');
----
2

statement error cannot get array length
select jsonb_array_length('null');

statement ok
drop table t;

query TIT
with t(v1) as (
	values (null::jsonb), ('null'), ('[true, 4, "foo"]')
) select
	v1 is null,
	case when jsonb_typeof(v1) = 'array' then jsonb_array_length(v1) end,
	coalesce(v1 -> 1, v1, '"?"')
from t;
----
t NULL "?"
f NULL null
f 3 4

# Tests moved from regress tests due to not matching exactly.

# PostgreSQL sorts shorter key "two" before longer key "three"
# https://www.postgresql.org/docs/current/datatype-json.html#JSON-INDEXING:~:text=shorter%20keys%20are%20stored%20before%20longer%20keys
query T
SELECT '{
		"one": 1,
		"two":"two",
		"three":
		true}'::jsonb; -- OK
----
{"one": 1, "three": true, "two": "two"}

# jsonb_array_elements
query T
select * from jsonb_array_elements('[1,true, [2,false]]'::jsonb);
----
1
true
[2, false]

statement error cannot extract elements
select * from jsonb_array_elements('null'::jsonb)

statement error cannot extract elements
select * from jsonb_array_elements('1'::jsonb)

statement error cannot extract elements
select * from jsonb_array_elements('"string"'::jsonb)

statement error cannot extract elements
select * from jsonb_array_elements('{}'::jsonb)


# jsonb_array_elements_text
query T
select * from jsonb_array_elements_text('["foo", "bar"]'::jsonb);
----
foo
bar

statement error cannot extract elements
select * from jsonb_array_elements_text('null'::jsonb)

statement error cannot extract elements
select * from jsonb_array_elements_text('1'::jsonb)

statement error cannot extract elements
select * from jsonb_array_elements_text('"string"'::jsonb)

statement error cannot extract elements
select * from jsonb_array_elements_text('{}'::jsonb)

# jsonb_object_keys
query T
select * from jsonb_object_keys('{"f1":"abc","f2":{"f3":"a", "f4":"b"}}'::jsonb);
----
f1
f2

statement error cannot call jsonb_object_keys
select * from jsonb_object_keys('null'::jsonb)

statement error cannot call jsonb_object_keys
select * from jsonb_object_keys('1'::jsonb)

statement error cannot call jsonb_object_keys
select * from jsonb_object_keys('"string"'::jsonb)

statement error cannot call jsonb_object_keys
select * from jsonb_object_keys('[]'::jsonb)


# jsonb_each
query TT
select * from jsonb_each('{"a":"foo", "b":"bar"}'::jsonb);
----
a "foo"
b "bar"

query T
select jsonb_each('{"a":"foo", "b":"bar"}'::jsonb);
----
(a,"foo")
(b,"bar")

# FIXME: the output format is inconsistent with pg
# https://github.com/risingwavelabs/risingwave/issues/4769
#
# (a,"""foo""")
# (b,"""bar""")

statement error cannot deconstruct
select * from jsonb_each('null'::jsonb)

statement error cannot deconstruct
select * from jsonb_each('1'::jsonb)

statement error cannot deconstruct
select * from jsonb_each('"string"'::jsonb)

statement error cannot deconstruct
select * from jsonb_each('[]'::jsonb)

# jsonb_each_text
query TT
select * from jsonb_each_text('{"a":"foo", "b":"bar"}'::jsonb);
----
a foo
b bar

query T
select jsonb_each_text('{"a":"foo", "b":"bar"}'::jsonb);
----
(a,foo)
(b,bar)

statement error cannot deconstruct
select * from jsonb_each_text('null'::jsonb)

statement error cannot deconstruct
select * from jsonb_each_text('1'::jsonb)

statement error cannot deconstruct
select * from jsonb_each_text('"string"'::jsonb)

statement error cannot deconstruct
select * from jsonb_each_text('[]'::jsonb)
